{
    "ac": true,
    "baseMVA": 100,
    "branch": {
        "1": {
            "angmax": 1.0471975511965976,
            "angmin": -1.0471975511965976,
            "b_fr": 0.0,
            "b_to": 0.0,
            "br_r": 0.0,
            "br_status": 1,
            "br_x": 0.0005759999999999999,
            "f_bus": 1,
            "g_fr": 0.0,
            "g_to": 0.0,
            "index": 1,
            "rate_a": 250.0000000000003,
            "rate_b": 0.0,
            "rate_c": 0.0,
            "shift": 0.0,
            "t_bus": 4,
            "tap": 1.0,
            "transformer": false
        },
        "2": {
            "angmax": 1.0471975511965976,
            "angmin": -1.0471975511965976,
            "b_fr": 7.9,
            "b_to": 7.9,
            "br_r": 0.00017,
            "br_status": 1,
            "br_x": 0.00092,
            "f_bus": 4,
            "g_fr": 0.0,
            "g_to": 0.0,
            "index": 2,
            "rate_a": 250.0000000000003,
            "rate_b": 0.0,
            "rate_c": 0.0,
            "shift": 0.0,
            "t_bus": 5,
            "tap": 1.0,
            "transformer": false
        },
        "3": {
            "angmax": 1.0471975511965976,
            "angmin": -1.0471975511965976,
            "b_fr": 17.9,
            "b_to": 17.9,
            "br_r": 0.00039,
            "br_status": 1,
            "br_x": 0.0017000000000000001,
            "f_bus": 5,
            "g_fr": 0.0,
            "g_to": 0.0,
            "index": 3,
            "rate_a": 150.00000000000028,
            "rate_b": 0.0,
            "rate_c": 0.0,
            "shift": 0.0,
            "t_bus": 6,
            "tap": 1.0,
            "transformer": false
        },
        "4": {
            "angmax": 1.0471975511965976,
            "angmin": -1.0471975511965976,
            "b_fr": 0.0,
            "b_to": 0.0,
            "br_r": 0.0,
            "br_status": 1,
            "br_x": 0.000586,
            "f_bus": 3,
            "g_fr": 0.0,
            "g_to": 0.0,
            "index": 4,
            "rate_a": 300.0,
            "rate_b": 0.0,
            "rate_c": 0.0,
            "shift": 0.0,
            "t_bus": 6,
            "tap": 1.0,
            "transformer": false
        },
        "5": {
            "angmax": 1.0471975511965976,
            "angmin": -1.0471975511965976,
            "b_fr": 10.450000000000003,
            "b_to": 10.450000000000003,
            "br_r": 0.000119,
            "br_status": 1,
            "br_x": 0.001008,
            "f_bus": 6,
            "g_fr": 0.0,
            "g_to": 0.0,
            "index": 5,
            "rate_a": 150.00000000000028,
            "rate_b": 0.0,
            "rate_c": 0.0,
            "shift": 0.0,
            "t_bus": 7,
            "tap": 1.0,
            "transformer": false
        },
        "6": {
            "angmax": 1.0471975511965976,
            "angmin": -1.0471975511965976,
            "b_fr": 7.450000000000001,
            "b_to": 7.450000000000001,
            "br_r": 8.5e-05,
            "br_status": 1,
            "br_x": 0.0007199999999999999,
            "f_bus": 7,
            "g_fr": 0.0,
            "g_to": 0.0,
            "index": 6,
            "rate_a": 250.0000000000003,
            "rate_b": 0.0,
            "rate_c": 0.0,
            "shift": 0.0,
            "t_bus": 8,
            "tap": 1.0,
            "transformer": false
        },
        "7": {
            "angmax": 1.0471975511965976,
            "angmin": -1.0471975511965976,
            "b_fr": 0.0,
            "b_to": 0.0,
            "br_r": 0.0,
            "br_status": 1,
            "br_x": 0.000625,
            "f_bus": 8,
            "g_fr": 0.0,
            "g_to": 0.0,
            "index": 7,
            "rate_a": 250.0000000000003,
            "rate_b": 0.0,
            "rate_c": 0.0,
            "shift": 0.0,
            "t_bus": 2,
            "tap": 1.0,
            "transformer": false
        },
        "8": {
            "angmax": 1.0471975511965976,
            "angmin": -1.0471975511965976,
            "b_fr": 15.300000000000002,
            "b_to": 15.300000000000002,
            "br_r": 0.00032,
            "br_status": 1,
            "br_x": 0.00161,
            "f_bus": 8,
            "g_fr": 0.0,
            "g_to": 0.0,
            "index": 8,
            "rate_a": 250.0000000000003,
            "rate_b": 0.0,
            "rate_c": 0.0,
            "shift": 0.0,
            "t_bus": 9,
            "tap": 1.0,
            "transformer": false
        },
        "9": {
            "angmax": 1.0471975511965976,
            "angmin": -1.0471975511965976,
            "b_fr": 8.8,
            "b_to": 8.8,
            "br_r": 0.0001,
            "br_status": 1,
            "br_x": 0.0008500000000000001,
            "f_bus": 9,
            "g_fr": 0.0,
            "g_to": 0.0,
            "index": 9,
            "rate_a": 250.0000000000003,
            "rate_b": 0.0,
            "rate_c": 0.0,
            "shift": 0.0,
            "t_bus": 4,
            "tap": 1.0,
            "transformer": false
        }
    },
    "bus": {
        "1": {
            "base_kv": 345.0,
            "bus_i": 1,
            "bus_type": 3,
            "index": 1,
            "va": 0.0,
            "vm": 1.04,
            "vmax": 1.04000001,
            "vmin": 1.03999999,
            "zone": 1
        },
        "2": {
            "base_kv": 345.0,
            "bus_i": 2,
            "bus_type": 2,
            "index": 2,
            "va": 0.0,
            "vm": 1.025,
            "vmax": 1.1,
            "vmin": 0.9,
            "zone": 1
        },
        "3": {
            "base_kv": 345.0,
            "bus_i": 3,
            "bus_type": 2,
            "index": 3,
            "va": 0.0,
            "vm": 1.025,
            "vmax": 1.1,
            "vmin": 0.9,
            "zone": 1
        },
        "4": {
            "base_kv": 345.0,
            "bus_i": 4,
            "bus_type": 1,
            "index": 4,
            "va": 0.0,
            "vm": 1.0,
            "vmax": 1.1,
            "vmin": 0.9,
            "zone": 1
        },
        "5": {
            "base_kv": 345.0,
            "bus_i": 5,
            "bus_type": 1,
            "index": 5,
            "va": 0.0,
            "vm": 1.0,
            "vmax": 1.1,
            "vmin": 0.9,
            "zone": 1
        },
        "6": {
            "base_kv": 345.0,
            "bus_i": 6,
            "bus_type": 1,
            "index": 6,
            "va": 0.0,
            "vm": 1.0,
            "vmax": 1.1,
            "vmin": 0.9,
            "zone": 1
        },
        "7": {
            "base_kv": 345.0,
            "bus_i": 7,
            "bus_type": 1,
            "index": 7,
            "va": 0.0,
            "vm": 1.0,
            "vmax": 1.1,
            "vmin": 0.9,
            "zone": 1
        },
        "8": {
            "base_kv": 345.0,
            "bus_i": 8,
            "bus_type": 1,
            "index": 8,
            "va": 0.0,
            "vm": 1.0,
            "vmax": 1.1,
            "vmin": 0.9,
            "zone": 1
        },
        "9": {
            "base_kv": 345.0,
            "bus_i": 9,
            "bus_type": 1,
            "index": 9,
            "va": 0.0,
            "vm": 1.0,
            "vmax": 1.1,
            "vmin": 0.9,
            "zone": 1
        }
    },
    "correct_pm_network_data": true,
    "dcline": {},
    "gen": {
        "1": {
            "cost": [
                0.11,
                5.0,
                150.0
            ],
            "gen_bus": 1,
            "gen_status": 1,
            "index": 1,
            "model": 2,
            "ncost": 3,
            "pg": 0.0,
            "pmax": 250.00000001,
            "pmin": 9.99999999,
            "qg": 0.0,
            "qmax": 300.00000001,
            "qmin": -300.00000001,
            "shutdown": 0.0,
            "startup": 0.0,
            "vg": 1.04
        },